{
    "display": {
        "icon": {
            "item": "evep:ruby"
        },
        "title": {
            "translate": "advancements.story.above_diamond.title"
        },
        "description": {
            "translate": "advancements.story.above_diamond.description"
        }
    },
    "parent": "evep:story/advanced_miner",
    "criteria": {
        "iron": {
            "trigger": "minecraft:inventory_changed",
            "conditions": {
                "items": [
                    {
                        "item": "evep:ruby"
                    }
                ]
            }
        }
    }
}