{
    "display": {
        "icon": {
            "item": "evep:carbon_ore"
        },
        "title": {
            "translate": "advancements.story.advanced_miner.title"
        },
        "description": {
            "translate": "advancements.story.advanced_miner.description"
        }
    },
    "parent": "evep:story/novice_miner",
    "criteria": {
        "iron": {
            "trigger": "minecraft:inventory_changed",
            "conditions": {
                "items": [
                    {
                        "item": "evep:carbon_ore"
                    }
                ]
            }
        }
    }
}