{
    "display": {
        "icon": {
            "item": "evep:energetic_orb"
        },
        "title": {
            "translate": "advancements.story.energized.title"
        },
        "description": {
            "translate": "advancements.story.energized.description"
        }
    },
    "parent": "evep:story/above_diamond",
    "criteria": {
        "iron": {
            "trigger": "minecraft:inventory_changed",
            "conditions": {
                "items": [
                    {
                        "item": "evep:energetic_orb"
                    }
                ]
            }
        }
    }
}