{
    "display": {
        "icon": {
            "item": "evep:malachite_ore"
        },
        "title": {
            "translate": "advancements.story.novice_miner.title"
        },
        "description": {
            "translate": "advancements.story.novice_miner.description"
        }
    },
    "parent": "minecraft:story/smelt_iron",
    "criteria": {
        "iron": {
            "trigger": "minecraft:inventory_changed",
            "conditions": {
                "items": [
                    {
                        "item": "evep:malachite_ore"
                    }
                ]
            }
        }
    }
}