{
    "display": {
        "icon": {
            "item": "evep:beryl_ore"
        },
        "title": {
            "translate": "advancements.story.nether_stop_mining.title"
        },
        "description": {
            "translate": "advancements.story.nether_stop_mining.description"
        }
    },
    "parent": "minecraft:story/enter_the_nether",
    "criteria": {
        "iron": {
            "trigger": "minecraft:inventory_changed",
            "conditions": {
                "items": [
                    {
                        "item": "evep:beryl"
                    }
                ]
            }
        }
    }
}