{
    "display": {
        "icon": {
            "item": "evep:enderite_ore"
        },
        "title": {
            "translate": "advancements.story.not_the_end.title"
        },
        "description": {
            "translate": "advancements.story.not_the_end.description"
        }
    },
    "parent": "minecraft:story/enter_the_end",
    "criteria": {
        "iron": {
            "trigger": "minecraft:inventory_changed",
            "conditions": {
                "items": [
                    {
                        "item": "evep:enderite"
                    }
                ]
            }
        }
    }
}