{
    "__comment": "Model generated using MrCrayfish's Model Creator (http://mrcrayfish.com/modelcreator/)",
    "textures": {
        "0": "blocks/log_spruce",
        "1": "blocks/log_spruce_top",
        "2": "blocks/wool_colored_lime"
    },
    "elements": [
        {
            "name": "Cube",
            "from": [ 5.0, 0.0, 5.0 ], 
            "to": [ 11.0, 16.0, 11.0 ], 
            "faces": {
                "north": { "texture": "#0", "uv": [ 0.0, 0.0, 16.0, 16.0 ] },
                "east": { "texture": "#0", "uv": [ 0.0, 0.0, 16.0, 16.0 ] },
                "south": { "texture": "#0", "uv": [ 0.0, 0.0, 16.0, 16.0 ] },
                "west": { "texture": "#0", "uv": [ 0.0, 0.0, 16.0, 16.0 ] },
                "up": { "texture": "#1", "uv": [ 0.0, 0.0, 16.0, 16.0 ] },
                "down": { "texture": "#1", "uv": [ 0.0, 0.0, 16.0, 16.0 ] }
            }
        },
        {
            "name": "Cube",
            "from": [ 0.0, 9.0, 0.0 ], 
            "to": [ 16.0, 10.0, 16.0 ], 
            "faces": {
                "north": { "texture": "#2", "uv": [ 0.0, 0.0, 16.0, 1.0 ] },
                "east": { "texture": "#2", "uv": [ 0.0, 0.0, 16.0, 1.0 ] },
                "south": { "texture": "#2", "uv": [ 0.0, 0.0, 3.0, 3.0 ] },
                "west": { "texture": "#2", "uv": [ 0.0, 0.0, 5.0, 4.0 ] },
                "up": { "texture": "#2", "uv": [ 0.0, 0.0, 16.0, 16.0 ] },
                "down": { "texture": "#2", "uv": [ 0.0, 0.0, 16.0, 16.0 ] }
            }
        },
        {
            "name": "Cube",
            "from": [ 2.0, 10.0, 2.0 ], 
            "to": [ 14.0, 11.0, 14.0 ], 
            "faces": {
                "north": { "texture": "#2", "uv": [ 0.0, 0.0, 12.0, 1.0 ] },
                "east": { "texture": "#2", "uv": [ 0.0, 0.0, 12.0, 1.0 ] },
                "south": { "texture": "#2", "uv": [ 0.0, 0.0, 3.0, 3.0 ] },
                "west": { "texture": "#2", "uv": [ 0.0, 0.0, 5.0, 4.0 ] },
                "up": { "texture": "#2", "uv": [ 0.0, 0.0, 12.0, 12.0 ] },
                "down": { "texture": "#2", "uv": [ 0.0, 0.0, 12.0, 12.0 ] }
            }
        },
        {
            "name": "Cube",
            "from": [ 1.0, 13.0, 1.0 ], 
            "to": [ 15.0, 14.0, 15.0 ], 
            "faces": {
                "north": { "texture": "#2", "uv": [ 0.0, 0.0, 14.0, 1.0 ] },
                "east": { "texture": "#2", "uv": [ 0.0, 0.0, 14.0, 1.0 ] },
                "south": { "texture": "#2", "uv": [ 0.0, 0.0, 3.0, 3.0 ] },
                "west": { "texture": "#2", "uv": [ 0.0, 0.0, 5.0, 4.0 ] },
                "up": { "texture": "#2", "uv": [ 0.0, 0.0, 14.0, 14.0 ] },
                "down": { "texture": "#2", "uv": [ 0.0, 0.0, 14.0, 14.0 ] }
            }
        },
        {
            "name": "Cube",
            "from": [ 3.0, 14.0, 3.0 ], 
            "to": [ 13.0, 15.0, 13.0 ], 
            "faces": {
                "north": { "texture": "#2", "uv": [ 0.0, 0.0, 10.0, 1.0 ] },
                "east": { "texture": "#2", "uv": [ 0.0, 0.0, 10.0, 1.0 ] },
                "south": { "texture": "#2", "uv": [ 0.0, 0.0, 3.0, 3.0 ] },
                "west": { "texture": "#2", "uv": [ 0.0, 0.0, 5.0, 4.0 ] },
                "up": { "texture": "#2", "uv": [ 0.0, 0.0, 10.0, 10.0 ] },
                "down": { "texture": "#2", "uv": [ 0.0, 0.0, 10.0, 10.0 ] }
            }
        }
    ]
}