{
    "__comment": "Model generated using MrCrayfish's Model Creator (http://mrcrayfish.com/modelcreator/)",
    "textures": {
        "0": "blocks/log_spruce",
        "1": "blocks/log_spruce_top",
        "2": "blocks/wool_colored_lime",
        "3": "blocks/glowstone"
    },
    "elements": [
        {
            "name": "Cube",
            "from": [ 5.0, 0.0, 5.0 ], 
            "to": [ 11.0, 11.0, 11.0 ], 
            "faces": {
                "north": { "texture": "#0", "uv": [ 0.0, 0.0, 16.0, 16.0 ] },
                "east": { "texture": "#0", "uv": [ 0.0, 0.0, 16.0, 16.0 ] },
                "south": { "texture": "#0", "uv": [ 0.0, 0.0, 16.0, 16.0 ] },
                "west": { "texture": "#0", "uv": [ 0.0, 0.0, 16.0, 16.0 ] },
                "up": { "texture": "#1", "uv": [ 0.0, 0.0, 16.0, 16.0 ] },
                "down": { "texture": "#1", "uv": [ 0.0, 0.0, 16.0, 16.0 ] }
            }
        },
        {
            "name": "Cube",
            "from": [ 2.0, 1.0, 2.0 ], 
            "to": [ 14.0, 2.0, 14.0 ], 
            "faces": {
                "north": { "texture": "#2", "uv": [ 0.0, 0.0, 12.0, 1.0 ] },
                "east": { "texture": "#2", "uv": [ 0.0, 0.0, 12.0, 1.0 ] },
                "south": { "texture": "#2", "uv": [ 0.0, 0.0, 3.0, 3.0 ] },
                "west": { "texture": "#2", "uv": [ 0.0, 0.0, 5.0, 4.0 ] },
                "up": { "texture": "#2", "uv": [ 0.0, 0.0, 12.0, 12.0 ] },
                "down": { "texture": "#2", "uv": [ 0.0, 0.0, 12.0, 12.0 ] }
            }
        },
        {
            "name": "Cube",
            "from": [ 4.0, 2.0, 4.0 ], 
            "to": [ 12.0, 3.0, 12.0 ], 
            "faces": {
                "north": { "texture": "#2", "uv": [ 0.0, 0.0, 8.0, 1.0 ] },
                "east": { "texture": "#2", "uv": [ 0.0, 0.0, 8.0, 1.0 ] },
                "south": { "texture": "#2", "uv": [ 0.0, 0.0, 3.0, 3.0 ] },
                "west": { "texture": "#2", "uv": [ 0.0, 0.0, 5.0, 4.0 ] },
                "up": { "texture": "#2", "uv": [ 0.0, 0.0, 8.0, 8.0 ] },
                "down": { "texture": "#2", "uv": [ 0.0, 0.0, 8.0, 8.0 ] }
            }
        },
        {
            "name": "Cube",
            "from": [ 3.0, 8.0, 3.0 ], 
            "to": [ 13.0, 9.0, 13.0 ], 
            "faces": {
                "north": { "texture": "#2", "uv": [ 0.0, 0.0, 10.0, 1.0 ] },
                "east": { "texture": "#2", "uv": [ 0.0, 0.0, 10.0, 1.0 ] },
                "south": { "texture": "#2", "uv": [ 0.0, 0.0, 3.0, 3.0 ] },
                "west": { "texture": "#2", "uv": [ 0.0, 0.0, 5.0, 4.0 ] },
                "up": { "texture": "#2", "uv": [ 0.0, 0.0, 10.0, 10.0 ] },
                "down": { "texture": "#2", "uv": [ 0.0, 0.0, 10.0, 10.0 ] }
            }
        },
        {
            "name": "Cube",
            "from": [ 4.0, 9.0, 4.0 ], 
            "to": [ 12.0, 10.0, 12.0 ], 
            "faces": {
                "north": { "texture": "#2", "uv": [ 0.0, 0.0, 8.0, 1.0 ] },
                "east": { "texture": "#2", "uv": [ 0.0, 0.0, 8.0, 1.0 ] },
                "south": { "texture": "#2", "uv": [ 0.0, 0.0, 3.0, 3.0 ] },
                "west": { "texture": "#2", "uv": [ 0.0, 0.0, 5.0, 4.0 ] },
                "up": { "texture": "#2", "uv": [ 0.0, 0.0, 8.0, 8.0 ] },
                "down": { "texture": "#2", "uv": [ 0.0, 0.0, 8.0, 8.0 ] }
            }
        },
        {
            "name": "Cube",
            "from": [ 6.0, 11.0, 6.0 ], 
            "to": [ 10.0, 14.0, 10.0 ], 
            "faces": {
                "north": { "texture": "#2", "uv": [ 0.0, 0.0, 4.0, 3.0 ] },
                "east": { "texture": "#2", "uv": [ 0.0, 0.0, 4.0, 3.0 ] },
                "south": { "texture": "#2", "uv": [ 0.0, 0.0, 3.0, 3.0 ] },
                "west": { "texture": "#2", "uv": [ 0.0, 0.0, 5.0, 4.0 ] },
                "up": { "texture": "#2", "uv": [ 0.0, 0.0, 4.0, 4.0 ] },
                "down": { "texture": "#2", "uv": [ 0.0, 0.0, 4.0, 4.0 ] }
            }
        },
        {
            "name": "Cube",
            "from": [ 4.899999998509884, 11.0, 4.899999998509884 ], 
            "to": [ 11.100000001490116, 12.0, 11.100000001490116 ], 
            "faces": {
                "north": { "texture": "#2", "uv": [ 0.0, 0.0, 6.200000002980232, 1.0 ] },
                "east": { "texture": "#2", "uv": [ 0.0, 0.0, 6.200000002980232, 1.0 ] },
                "south": { "texture": "#2", "uv": [ 0.0, 0.0, 3.0, 3.0 ] },
                "west": { "texture": "#2", "uv": [ 0.0, 0.0, 5.0, 4.0 ] },
                "up": { "texture": "#2", "uv": [ 0.0, 0.0, 6.200000002980232, 6.200000002980232 ] },
                "down": { "texture": "#2", "uv": [ 0.0, 0.0, 6.200000002980232, 6.200000002980232 ] }
            }
        },
        {
            "name": "Cube",
            "from": [ 7.0, 14.0, 7.0 ], 
            "to": [ 9.0, 16.0, 9.0 ], 
            "faces": {
                "north": { "texture": "#3", "uv": [ 0.0, 0.0, 2.0, 2.0 ] },
                "east": { "texture": "#3", "uv": [ 0.0, 0.0, 2.0, 2.0 ] },
                "south": { "texture": "#3", "uv": [ 0.0, 0.0, 2.0, 2.0 ] },
                "west": { "texture": "#3", "uv": [ 0.0, 0.0, 2.0, 2.0 ] },
                "up": { "texture": "#3", "uv": [ 0.0, 0.0, 2.0, 2.0 ] },
                "down": { "texture": "#3", "uv": [ 0.0, 0.0, 2.0, 2.0 ] }
            }
        }
    ]
}