{
    "__comment": "Model generated using MrCrayfish's Model Creator (http://mrcrayfish.com/modelcreator/)",
    "textures": {
        "0": "blocks/wool_colored_black",
        "1": "blocks/wool_colored_blue",
        "2": "blocks/wool_colored_red",
        "3": "blocks/gold_block",
        "4": "blocks/hardened_clay_stained_white",
        "5": "blocks/wool_colored_white"
    },
    "elements": [
        {
            "name": "Cube",
            "from": [ 5.0, 0.0, 7.0 ], 
            "to": [ 7.0, 2.0, 9.0 ], 
            "faces": {
                "north": { "texture": "#0", "uv": [ 0.0, 0.0, 2.0, 2.0 ] },
                "east": { "texture": "#0", "uv": [ 0.0, 0.0, 2.0, 2.0 ] },
                "south": { "texture": "#0", "uv": [ 0.0, 0.0, 2.0, 2.0 ] },
                "west": { "texture": "#0", "uv": [ 0.0, 0.0, 2.0, 2.0 ] },
                "up": { "texture": "#0", "uv": [ 0.0, 0.0, 2.0, 2.0 ] },
                "down": { "texture": "#0", "uv": [ 0.0, 0.0, 2.0, 2.0 ] }
            }
        },
        {
            "name": "Cube",
            "from": [ 9.0, 0.0, 7.0 ], 
            "to": [ 11.0, 2.0, 9.0 ], 
            "faces": {
                "north": { "texture": "#0", "uv": [ 0.0, 0.0, 2.0, 2.0 ] },
                "east": { "texture": "#0", "uv": [ 0.0, 0.0, 2.0, 2.0 ] },
                "south": { "texture": "#0", "uv": [ 0.0, 0.0, 2.0, 2.0 ] },
                "west": { "texture": "#0", "uv": [ 0.0, 0.0, 2.0, 2.0 ] },
                "up": { "texture": "#0", "uv": [ 0.0, 0.0, 2.0, 2.0 ] },
                "down": { "texture": "#0", "uv": [ 0.0, 0.0, 2.0, 2.0 ] }
            }
        },
        {
            "name": "Cube",
            "from": [ 5.0, 2.0, 7.0 ], 
            "to": [ 7.0, 5.0, 9.0 ], 
            "faces": {
                "north": { "texture": "#1", "uv": [ 0.0, 0.0, 2.0, 3.0 ] },
                "east": { "texture": "#1", "uv": [ 0.0, 0.0, 2.0, 3.0 ] },
                "south": { "texture": "#1", "uv": [ 0.0, 0.0, 2.0, 3.0 ] },
                "west": { "texture": "#1", "uv": [ 0.0, 0.0, 2.0, 3.0 ] },
                "up": { "texture": "#1", "uv": [ 0.0, 0.0, 2.0, 2.0 ] },
                "down": { "texture": "#1", "uv": [ 0.0, 0.0, 2.0, 2.0 ] }
            }
        },
        {
            "name": "Cube",
            "from": [ 9.0, 2.0, 7.0 ], 
            "to": [ 11.0, 5.0, 9.0 ], 
            "faces": {
                "north": { "texture": "#1", "uv": [ 0.0, 0.0, 2.0, 3.0 ] },
                "east": { "texture": "#1", "uv": [ 0.0, 0.0, 2.0, 3.0 ] },
                "south": { "texture": "#1", "uv": [ 0.0, 0.0, 2.0, 3.0 ] },
                "west": { "texture": "#1", "uv": [ 0.0, 0.0, 2.0, 3.0 ] },
                "up": { "texture": "#1", "uv": [ 0.0, 0.0, 2.0, 2.0 ] },
                "down": { "texture": "#1", "uv": [ 0.0, 0.0, 2.0, 2.0 ] }
            }
        },
        {
            "name": "Cube",
            "from": [ 5.0, 5.0, 7.0 ], 
            "to": [ 11.0, 7.0, 9.0 ], 
            "faces": {
                "north": { "texture": "#1", "uv": [ 0.0, 0.0, 6.0, 2.0 ] },
                "east": { "texture": "#1", "uv": [ 0.0, 0.0, 2.0, 2.0 ] },
                "south": { "texture": "#1", "uv": [ 0.0, 0.0, 6.0, 2.0 ] },
                "west": { "texture": "#1", "uv": [ 0.0, 0.0, 2.0, 2.0 ] },
                "up": { "texture": "#1", "uv": [ 0.0, 0.0, 6.0, 2.0 ] },
                "down": { "texture": "#1", "uv": [ 0.0, 0.0, 6.0, 2.0 ] }
            }
        },
        {
            "name": "Cube",
            "from": [ 5.0, 7.0, 7.0 ], 
            "to": [ 11.0, 12.0, 9.0 ], 
            "faces": {
                "north": { "texture": "#2", "uv": [ 0.0, 0.0, 6.0, 5.0 ] },
                "east": { "texture": "#2", "uv": [ 0.0, 0.0, 2.0, 5.0 ] },
                "south": { "texture": "#2", "uv": [ 0.0, 0.0, 6.0, 5.0 ] },
                "west": { "texture": "#2", "uv": [ 0.0, 0.0, 2.0, 5.0 ] },
                "up": { "texture": "#2", "uv": [ 0.0, 0.0, 6.0, 2.0 ] },
                "down": { "texture": "#2", "uv": [ 0.0, 0.0, 6.0, 2.0 ] }
            }
        },
        {
            "name": "Cube",
            "from": [ 2.0, 12.0, 7.0 ], 
            "to": [ 14.0, 13.0, 9.0 ], 
            "faces": {
                "north": { "texture": "#3", "uv": [ 0.0, 0.0, 12.0, 1.0 ] },
                "east": { "texture": "#3", "uv": [ 0.0, 0.0, 2.0, 1.0 ] },
                "south": { "texture": "#3", "uv": [ 0.0, 0.0, 12.0, 1.0 ] },
                "west": { "texture": "#3", "uv": [ 0.0, 0.0, 2.0, 1.0 ] },
                "up": { "texture": "#3", "uv": [ 0.0, 0.0, 12.0, 2.0 ] },
                "down": { "texture": "#3", "uv": [ 0.0, 0.0, 12.0, 2.0 ] }
            }
        },
        {
            "name": "Cube",
            "from": [ 2.0, 9.0, 7.0 ], 
            "to": [ 4.0, 11.0, 9.0 ], 
            "faces": {
                "north": { "texture": "#2", "uv": [ 0.0, 0.0, 2.0, 2.0 ] },
                "east": { "texture": "#2", "uv": [ 0.0, 0.0, 2.0, 2.0 ] },
                "south": { "texture": "#2", "uv": [ 0.0, 0.0, 2.0, 2.0 ] },
                "west": { "texture": "#2", "uv": [ 0.0, 0.0, 2.0, 2.0 ] },
                "up": { "texture": "#2", "uv": [ 0.0, 0.0, 2.0, 2.0 ] },
                "down": { "texture": "#2", "uv": [ 0.0, 0.0, 2.0, 2.0 ] }
            }
        },
        {
            "name": "Cube",
            "from": [ 12.0, 9.0, 7.0 ], 
            "to": [ 14.0, 11.0, 9.0 ], 
            "faces": {
                "north": { "texture": "#2", "uv": [ 0.0, 0.0, 2.0, 2.0 ] },
                "east": { "texture": "#2", "uv": [ 0.0, 0.0, 2.0, 2.0 ] },
                "south": { "texture": "#2", "uv": [ 0.0, 0.0, 2.0, 2.0 ] },
                "west": { "texture": "#2", "uv": [ 0.0, 0.0, 2.0, 2.0 ] },
                "up": { "texture": "#2", "uv": [ 0.0, 0.0, 2.0, 2.0 ] },
                "down": { "texture": "#2", "uv": [ 0.0, 0.0, 2.0, 2.0 ] }
            }
        },
        {
            "name": "Cube",
            "from": [ 2.0, 11.0, 7.0 ], 
            "to": [ 5.0, 12.0, 9.0 ], 
            "faces": {
                "north": { "texture": "#2", "uv": [ 0.0, 0.0, 3.0, 1.0 ] },
                "east": { "texture": "#2", "uv": [ 0.0, 0.0, 2.0, 1.0 ] },
                "south": { "texture": "#2", "uv": [ 0.0, 0.0, 3.0, 1.0 ] },
                "west": { "texture": "#2", "uv": [ 0.0, 0.0, 2.0, 1.0 ] },
                "up": { "texture": "#2", "uv": [ 0.0, 0.0, 3.0, 2.0 ] },
                "down": { "texture": "#2", "uv": [ 0.0, 0.0, 3.0, 2.0 ] }
            }
        },
        {
            "name": "Cube",
            "from": [ 11.0, 11.0, 7.0 ], 
            "to": [ 14.0, 12.0, 9.0 ], 
            "faces": {
                "north": { "texture": "#2", "uv": [ 0.0, 0.0, 3.0, 1.0 ] },
                "east": { "texture": "#2", "uv": [ 0.0, 0.0, 2.0, 1.0 ] },
                "south": { "texture": "#2", "uv": [ 0.0, 0.0, 3.0, 1.0 ] },
                "west": { "texture": "#2", "uv": [ 0.0, 0.0, 2.0, 1.0 ] },
                "up": { "texture": "#2", "uv": [ 0.0, 0.0, 3.0, 2.0 ] },
                "down": { "texture": "#2", "uv": [ 0.0, 0.0, 3.0, 2.0 ] }
            }
        },
        {
            "name": "Cube",
            "from": [ 6.0, 13.0, 6.0 ], 
            "to": [ 10.0, 17.0, 10.0 ], 
            "faces": {
                "north": { "texture": "#4", "uv": [ 0.0, 0.0, 4.0, 4.0 ] },
                "east": { "texture": "#4", "uv": [ 0.0, 0.0, 4.0, 4.0 ] },
                "south": { "texture": "#4", "uv": [ 0.0, 0.0, 4.0, 4.0 ] },
                "west": { "texture": "#4", "uv": [ 0.0, 0.0, 4.0, 4.0 ] },
                "up": { "texture": "#4", "uv": [ 0.0, 0.0, 4.0, 4.0 ] },
                "down": { "texture": "#4", "uv": [ 0.0, 0.0, 4.0, 4.0 ] }
            }
        },
        {
            "name": "Cube",
            "from": [ 5.0, 17.0, 5.0 ], 
            "to": [ 11.0, 18.0, 10.0 ], 
            "faces": {
                "north": { "texture": "#5", "uv": [ 0.0, 0.0, 6.0, 1.0 ] },
                "east": { "texture": "#5", "uv": [ 0.0, 0.0, 5.0, 1.0 ] },
                "south": { "texture": "#5", "uv": [ 0.0, 0.0, 6.0, 1.0 ] },
                "west": { "texture": "#5", "uv": [ 0.0, 0.0, 5.0, 1.0 ] },
                "up": { "texture": "#5", "uv": [ 0.0, 0.0, 6.0, 5.0 ] },
                "down": { "texture": "#5", "uv": [ 0.0, 0.0, 6.0, 5.0 ] }
            }
        },
        {
            "name": "Cube",
            "from": [ 5.0, 12.0, 5.0 ], 
            "to": [ 11.0, 17.0, 6.0 ], 
            "faces": {
                "north": { "texture": "#5", "uv": [ 0.0, 0.0, 6.0, 5.0 ] },
                "east": { "texture": "#5", "uv": [ 0.0, 0.0, 1.0, 5.0 ] },
                "south": { "texture": "#5", "uv": [ 0.0, 0.0, 6.0, 5.0 ] },
                "west": { "texture": "#5", "uv": [ 0.0, 0.0, 1.0, 5.0 ] },
                "up": { "texture": "#5", "uv": [ 0.0, 0.0, 6.0, 1.0 ] },
                "down": { "texture": "#5", "uv": [ 0.0, 0.0, 6.0, 1.0 ] }
            }
        },
        {
            "name": "Cube",
            "from": [ 5.0, 13.0, 6.0 ], 
            "to": [ 6.0, 17.0, 10.0 ], 
            "faces": {
                "north": { "texture": "#5", "uv": [ 0.0, 0.0, 1.0, 4.0 ] },
                "east": { "texture": "#5", "uv": [ 0.0, 0.0, 4.0, 4.0 ] },
                "south": { "texture": "#5", "uv": [ 0.0, 0.0, 1.0, 4.0 ] },
                "west": { "texture": "#5", "uv": [ 0.0, 0.0, 4.0, 4.0 ] },
                "up": { "texture": "#5", "uv": [ 0.0, 0.0, 1.0, 4.0 ] },
                "down": { "texture": "#5", "uv": [ 0.0, 0.0, 1.0, 4.0 ] }
            }
        },
        {
            "name": "Cube",
            "from": [ 10.0, 13.0, 6.0 ], 
            "to": [ 11.0, 17.0, 10.0 ], 
            "faces": {
                "north": { "texture": "#5", "uv": [ 0.0, 0.0, 1.0, 4.0 ] },
                "east": { "texture": "#5", "uv": [ 0.0, 0.0, 4.0, 4.0 ] },
                "south": { "texture": "#5", "uv": [ 0.0, 0.0, 1.0, 4.0 ] },
                "west": { "texture": "#5", "uv": [ 0.0, 0.0, 4.0, 4.0 ] },
                "up": { "texture": "#5", "uv": [ 0.0, 0.0, 1.0, 4.0 ] },
                "down": { "texture": "#5", "uv": [ 0.0, 0.0, 1.0, 4.0 ] }
            }
        },
        {
            "name": "Cube",
            "from": [ 7.0, 10.0, 10.0 ], 
            "to": [ 9.0, 14.0, 11.0 ], 
            "faces": {
                "north": { "texture": "#5", "uv": [ 0.0, 0.0, 2.0, 4.0 ] },
                "east": { "texture": "#5", "uv": [ 0.0, 0.0, 1.0, 4.0 ] },
                "south": { "texture": "#5", "uv": [ 0.0, 0.0, 2.0, 4.0 ] },
                "west": { "texture": "#5", "uv": [ 0.0, 0.0, 1.0, 4.0 ] },
                "up": { "texture": "#5", "uv": [ 0.0, 0.0, 2.0, 1.0 ] },
                "down": { "texture": "#5", "uv": [ 0.0, 0.0, 2.0, 1.0 ] }
            }
        },
        {
            "name": "Cube",
            "from": [ 6.699999995529652, 15.400000005960464, 9.0 ], 
            "to": [ 7.199999995529652, 15.900000005960464, 10.100000001490116 ], 
            "faces": {
                "north": { "texture": "#1", "uv": [ 0.0, 0.0, 0.5, 0.5 ] },
                "east": { "texture": "#1", "uv": [ 0.0, 0.0, 1.1000000014901161, 0.5 ] },
                "south": { "texture": "#1", "uv": [ 0.0, 0.0, 0.5, 0.5 ] },
                "west": { "texture": "#1", "uv": [ 0.0, 0.0, 1.1000000014901161, 0.5 ] },
                "up": { "texture": "#1", "uv": [ 0.0, 0.0, 0.5, 1.1000000014901161 ] },
                "down": { "texture": "#1", "uv": [ 0.0, 0.0, 0.5, 1.1000000014901161 ] }
            }
        },
        {
            "name": "Cube",
            "from": [ 8.699999995529652, 15.400000005960464, 9.0 ], 
            "to": [ 9.199999995529652, 15.900000005960464, 10.100000001490116 ], 
            "faces": {
                "north": { "texture": "#1", "uv": [ 0.0, 0.0, 0.5, 0.5 ] },
                "east": { "texture": "#1", "uv": [ 0.0, 0.0, 1.1000000014901161, 0.5 ] },
                "south": { "texture": "#1", "uv": [ 0.0, 0.0, 0.5, 0.5 ] },
                "west": { "texture": "#1", "uv": [ 0.0, 0.0, 1.1000000014901161, 0.5 ] },
                "up": { "texture": "#1", "uv": [ 0.0, 0.0, 0.5, 1.1000000014901161 ] },
                "down": { "texture": "#1", "uv": [ 0.0, 0.0, 0.5, 1.1000000014901161 ] }
            }
        }
    ]
}