{
    "__comment": "Model generated using MrCrayfish's Model Creator (http://mrcrayfish.com/modelcreator/)",
    "textures": {
        "0": "blocks/wool_colored_red",
        "1": "blocks/wool_colored_lime"
    },
    "elements": [
        {
            "name": "Cube",
            "from": [ 6.0, 0.0, 6.0 ], 
            "to": [ 10.0, 4.0, 10.0 ], 
            "faces": {
                "north": { "texture": "#0", "uv": [ 0.0, 0.0, 4.0, 4.0 ] },
                "east": { "texture": "#0", "uv": [ 0.0, 0.0, 4.0, 4.0 ] },
                "south": { "texture": "#0", "uv": [ 0.0, 0.0, 4.0, 4.0 ] },
                "west": { "texture": "#0", "uv": [ 0.0, 0.0, 4.0, 4.0 ] },
                "up": { "texture": "#0", "uv": [ 0.0, 0.0, 4.0, 4.0 ] },
                "down": { "texture": "#0", "uv": [ 0.0, 0.0, 4.0, 4.0 ] }
            }
        },
        {
            "name": "Cube",
            "from": [ 7.499999992549419, 0.0, 5.899999998509884 ], 
            "to": [ 8.49999999254942, 4.100000001490116, 10.100000001490116 ], 
            "faces": {
                "north": { "texture": "#1", "uv": [ 0.0, 0.0, 1.0, 4.100000001490116 ] },
                "east": { "texture": "#1", "uv": [ 0.0, 0.0, 4.200000002980232, 4.100000001490116 ] },
                "south": { "texture": "#1", "uv": [ 0.0, 0.0, 1.0, 4.100000001490116 ] },
                "west": { "texture": "#1", "uv": [ 0.0, 0.0, 4.200000002980232, 4.100000001490116 ] },
                "up": { "texture": "#1", "uv": [ 0.0, 0.0, 1.0, 4.200000002980232 ] },
                "down": { "texture": "#1", "uv": [ 0.0, 0.0, 1.0, 4.200000002980232 ] }
            }
        },
        {
            "name": "Cube",
            "from": [ 5.899999998509884, 0.0, 7.499999992549419 ], 
            "to": [ 7.500000007450581, 4.100000001490116, 8.49999999254942 ], 
            "faces": {
                "north": { "texture": "#1", "uv": [ 0.0, 0.0, 1.6000000089406967, 4.100000001490116 ] },
                "east": { "texture": "#1", "uv": [ 0.0, 0.0, 1.0, 4.100000001490116 ] },
                "south": { "texture": "#1", "uv": [ 0.0, 0.0, 1.6000000089406967, 4.100000001490116 ] },
                "west": { "texture": "#1", "uv": [ 0.0, 0.0, 1.0, 4.100000001490116 ] },
                "up": { "texture": "#1", "uv": [ 0.0, 0.0, 1.6000000089406967, 1.0 ] },
                "down": { "texture": "#1", "uv": [ 0.0, 0.0, 1.6000000089406967, 1.0 ] }
            }
        },
        {
            "name": "Cube",
            "from": [ 8.49999999254942, 0.0, 7.499999992549419 ], 
            "to": [ 10.100000001490116, 4.100000001490116, 8.49999999254942 ], 
            "faces": {
                "north": { "texture": "#1", "uv": [ 0.0, 0.0, 1.6000000089406967, 4.100000001490116 ] },
                "east": { "texture": "#1", "uv": [ 0.0, 0.0, 1.0, 4.100000001490116 ] },
                "south": { "texture": "#1", "uv": [ 0.0, 0.0, 1.6000000089406967, 4.100000001490116 ] },
                "west": { "texture": "#1", "uv": [ 0.0, 0.0, 1.0, 4.100000001490116 ] },
                "up": { "texture": "#1", "uv": [ 0.0, 0.0, 1.6000000089406967, 1.0 ] },
                "down": { "texture": "#1", "uv": [ 0.0, 0.0, 1.6000000089406967, 1.0 ] }
            }
        }
    ]
}