{
    "__comment": "Model generated using MrCrayfish's Model Creator (http://mrcrayfish.com/modelcreator/)",
    "textures": {
        "0": "blocks/wool_colored_magenta",
        "1": "blocks/wool_colored_black"
    },
    "elements": [
        {
            "name": "Cube",
            "from": [ 4.0, 0.0, 4.0 ], 
            "to": [ 12.0, 8.0, 12.0 ], 
            "faces": {
                "north": { "texture": "#0", "uv": [ 0.0, 0.0, 8.0, 8.0 ] },
                "east": { "texture": "#0", "uv": [ 0.0, 0.0, 8.0, 8.0 ] },
                "south": { "texture": "#0", "uv": [ 0.0, 0.0, 8.0, 8.0 ] },
                "west": { "texture": "#0", "uv": [ 0.0, 0.0, 8.0, 8.0 ] },
                "up": { "texture": "#0", "uv": [ 0.0, 0.0, 8.0, 8.0 ] },
                "down": { "texture": "#0", "uv": [ 0.0, 0.0, 8.0, 8.0 ] }
            }
        },
        {
            "name": "Cube",
            "from": [ 3.899999998509884, 0.0, 7.500000007450581 ], 
            "to": [ 12.100000001490116, 8.100000001490116, 8.50000000745058 ], 
            "faces": {
                "north": { "texture": "#1", "uv": [ 0.0, 0.0, 8.200000002980232, 8.100000001490116 ] },
                "east": { "texture": "#1", "uv": [ 0.0, 0.0, 1.0, 8.100000001490116 ] },
                "south": { "texture": "#1", "uv": [ 0.0, 0.0, 8.200000002980232, 8.100000001490116 ] },
                "west": { "texture": "#1", "uv": [ 0.0, 0.0, 1.0, 8.100000001490116 ] },
                "up": { "texture": "#1", "uv": [ 0.0, 0.0, 8.200000002980232, 1.0 ] },
                "down": { "texture": "#1", "uv": [ 0.0, 0.0, 8.200000002980232, 1.0 ] }
            }
        },
        {
            "name": "Cube",
            "from": [ 7.500000007450581, 0.0, 8.49999999254942 ], 
            "to": [ 8.50000000745058, 8.100000001490116, 12.099999986588955 ], 
            "faces": {
                "north": { "texture": "#1", "uv": [ 0.0, 0.0, 1.0, 8.100000001490116 ] },
                "east": { "texture": "#1", "uv": [ 0.0, 0.0, 3.5999999940395355, 8.100000001490116 ] },
                "south": { "texture": "#1", "uv": [ 0.0, 0.0, 1.0, 8.100000001490116 ] },
                "west": { "texture": "#1", "uv": [ 0.0, 0.0, 3.5999999940395355, 8.100000001490116 ] },
                "up": { "texture": "#1", "uv": [ 0.0, 0.0, 1.0, 3.5999999940395355 ] },
                "down": { "texture": "#1", "uv": [ 0.0, 0.0, 1.0, 3.5999999940395355 ] }
            }
        },
        {
            "name": "Cube",
            "from": [ 7.500000007450581, 0.0, 3.899999998509884 ], 
            "to": [ 8.50000000745058, 8.100000001490116, 7.499999992549419 ], 
            "faces": {
                "north": { "texture": "#1", "uv": [ 0.0, 0.0, 1.0, 8.100000001490116 ] },
                "east": { "texture": "#1", "uv": [ 0.0, 0.0, 3.5999999940395355, 8.100000001490116 ] },
                "south": { "texture": "#1", "uv": [ 0.0, 0.0, 1.0, 8.100000001490116 ] },
                "west": { "texture": "#1", "uv": [ 0.0, 0.0, 3.5999999940395355, 8.100000001490116 ] },
                "up": { "texture": "#1", "uv": [ 0.0, 0.0, 1.0, 3.5999999940395355 ] },
                "down": { "texture": "#1", "uv": [ 0.0, 0.0, 1.0, 3.5999999940395355 ] }
            }
        }
    ]
}