{
    "__comment": "Model generated using MrCrayfish's Model Creator (http://mrcrayfish.com/modelcreator/)",
    "textures": {
        "0": "blocks/wool_colored_black",
        "1": "blocks/glass",
        "2": "blocks/planks_spruce",
        "3": "blocks/snow"
    },
    "elements": [
        {
            "name": "Cube",
            "from": [ 3.0, 0.0, 3.0 ], 
            "to": [ 13.0, 1.0, 13.0 ], 
            "faces": {
                "north": { "texture": "#0", "uv": [ 0.0, 0.0, 10.0, 1.0 ] },
                "east": { "texture": "#0", "uv": [ 0.0, 0.0, 10.0, 1.0 ] },
                "south": { "texture": "#0", "uv": [ 0.0, 0.0, 10.0, 1.0 ] },
                "west": { "texture": "#0", "uv": [ 0.0, 0.0, 10.0, 1.0 ] },
                "up": { "texture": "#0", "uv": [ 0.0, 0.0, 10.0, 10.0 ] },
                "down": { "texture": "#0", "uv": [ 0.0, 0.0, 10.0, 10.0 ] }
            }
        },
        {
            "name": "Cube",
            "from": [ 3.0, 1.0, 3.0 ], 
            "to": [ 13.0, 7.0, 4.0 ], 
            "faces": {
                "north": { "texture": "#1", "uv": [ 0.0, 0.0, 16.0, 16.0 ] },
                "east": { "texture": "#1", "uv": [ 0.0, 0.0, 1.0, 9.0 ] },
                "south": { "texture": "#1", "uv": [ 0.0, 0.0, 16.0, 16.0 ] },
                "west": { "texture": "#1", "uv": [ 9.0, 0.0, 4.0, 8.0 ] },
                "up": { "texture": "#1", "uv": [ 0.0, 0.0, 10.0, 1.0 ] },
                "down": { "texture": "#1", "uv": [ 0.0, 0.0, 10.0, 1.0 ] }
            }
        },
        {
            "name": "Cube",
            "from": [ 3.0, 1.0, 12.0 ], 
            "to": [ 13.0, 7.0, 13.0 ], 
            "faces": {
                "north": { "texture": "#1", "uv": [ 0.0, 0.0, 16.0, 16.0 ] },
                "east": { "texture": "#1", "uv": [ 0.0, 0.0, 1.0, 9.0 ] },
                "south": { "texture": "#1", "uv": [ 0.0, 0.0, 16.0, 16.0 ] },
                "west": { "texture": "#1", "uv": [ 9.0, 0.0, 4.0, 8.0 ] },
                "up": { "texture": "#1", "uv": [ 0.0, 0.0, 10.0, 1.0 ] },
                "down": { "texture": "#1", "uv": [ 0.0, 0.0, 10.0, 1.0 ] }
            }
        },
        {
            "name": "Cube",
            "from": [ 3.0, 1.0, 4.0 ], 
            "to": [ 4.0, 7.0, 12.0 ], 
            "faces": {
                "north": { "texture": "#1", "uv": [ 0.0, 0.0, 6.0, 7.0 ] },
                "east": { "texture": "#1", "uv": [ 0.0, 0.0, 16.0, 16.0 ] },
                "south": { "texture": "#1", "uv": [ 0.0, 0.0, 4.0, 7.0 ] },
                "west": { "texture": "#1", "uv": [ 1.0, 0.0, 15.0, 16.0 ] },
                "up": { "texture": "#1", "uv": [ 0.0, 0.0, 1.0, 8.0 ] },
                "down": { "texture": "#1", "uv": [ 0.0, 0.0, 1.0, 8.0 ] }
            }
        },
        {
            "name": "Cube",
            "from": [ 12.0, 1.0, 4.0 ], 
            "to": [ 13.0, 7.0, 12.0 ], 
            "faces": {
                "north": { "texture": "#1", "uv": [ 0.0, 0.0, 6.0, 7.0 ] },
                "east": { "texture": "#1", "uv": [ 0.0, 0.0, 16.0, 16.0 ] },
                "south": { "texture": "#1", "uv": [ 0.0, 0.0, 4.0, 7.0 ] },
                "west": { "texture": "#1", "uv": [ 1.0, 0.0, 15.0, 16.0 ] },
                "up": { "texture": "#1", "uv": [ 0.0, 0.0, 1.0, 8.0 ] },
                "down": { "texture": "#1", "uv": [ 0.0, 0.0, 1.0, 8.0 ] }
            }
        },
        {
            "name": "Cube",
            "from": [ 6.0, 1.0, 6.0 ], 
            "to": [ 10.0, 5.0, 10.0 ], 
            "faces": {
                "north": { "texture": "#2", "uv": [ 0.0, 0.0, 4.0, 4.0 ] },
                "east": { "texture": "#2", "uv": [ 0.0, 0.0, 4.0, 4.0 ] },
                "south": { "texture": "#2", "uv": [ 0.0, 0.0, 4.0, 4.0 ] },
                "west": { "texture": "#2", "uv": [ 0.0, 0.0, 4.0, 4.0 ] },
                "up": { "texture": "#2", "uv": [ 0.0, 0.0, 4.0, 4.0 ] },
                "down": { "texture": "#2", "uv": [ 0.0, 0.0, 4.0, 4.0 ] }
            }
        },
        {
            "name": "Cube",
            "from": [ 11.0, 7.0, 4.0 ], 
            "to": [ 12.0, 8.0, 12.0 ], 
            "faces": {
                "north": { "texture": "#1", "uv": [ 0.0, 0.0, 6.0, 7.0 ] },
                "east": { "texture": "#1", "uv": [ 0.0, 4.0, 16.0, 10.0 ] },
                "south": { "texture": "#1", "uv": [ 0.0, 0.0, 4.0, 7.0 ] },
                "west": { "texture": "#1", "uv": [ 0.0, 3.0, 16.0, 11.0 ] },
                "up": { "texture": "#1", "uv": [ 0.0, 0.0, 1.0, 8.0 ] },
                "down": { "texture": "#1", "uv": [ 0.0, 0.0, 1.0, 8.0 ] }
            }
        },
        {
            "name": "Cube",
            "from": [ 4.0, 7.0, 4.0 ], 
            "to": [ 5.0, 8.0, 12.0 ], 
            "faces": {
                "north": { "texture": "#1", "uv": [ 0.0, 0.0, 6.0, 7.0 ] },
                "east": { "texture": "#1", "uv": [ 0.0, 4.0, 16.0, 10.0 ] },
                "south": { "texture": "#1", "uv": [ 0.0, 0.0, 4.0, 7.0 ] },
                "west": { "texture": "#1", "uv": [ 0.0, 3.0, 16.0, 11.0 ] },
                "up": { "texture": "#1", "uv": [ 0.0, 0.0, 1.0, 8.0 ] },
                "down": { "texture": "#1", "uv": [ 0.0, 0.0, 1.0, 8.0 ] }
            }
        },
        {
            "name": "Cube",
            "from": [ 5.0, 7.0, 4.0 ], 
            "to": [ 11.0, 8.0, 5.0 ], 
            "faces": {
                "north": { "texture": "#1", "uv": [ 0.0, 5.0, 16.0, 11.0 ] },
                "east": { "texture": "#1", "uv": [ 0.0, 0.0, 4.0, 5.0 ] },
                "south": { "texture": "#1", "uv": [ 0.0, 5.0, 16.0, 11.0 ] },
                "west": { "texture": "#1", "uv": [ 0.0, 0.0, 4.0, 5.0 ] },
                "up": { "texture": "#1", "uv": [ 0.0, 0.0, 6.0, 1.0 ] },
                "down": { "texture": "#1", "uv": [ 0.0, 0.0, 6.0, 1.0 ] }
            }
        },
        {
            "name": "Cube",
            "from": [ 5.0, 7.0, 11.0 ], 
            "to": [ 11.0, 8.0, 12.0 ], 
            "faces": {
                "north": { "texture": "#1", "uv": [ 0.0, 5.0, 16.0, 11.0 ] },
                "east": { "texture": "#1", "uv": [ 0.0, 0.0, 4.0, 5.0 ] },
                "south": { "texture": "#1", "uv": [ 0.0, 5.0, 16.0, 11.0 ] },
                "west": { "texture": "#1", "uv": [ 0.0, 0.0, 4.0, 5.0 ] },
                "up": { "texture": "#1", "uv": [ 0.0, 0.0, 6.0, 1.0 ] },
                "down": { "texture": "#1", "uv": [ 0.0, 0.0, 6.0, 1.0 ] }
            }
        },
        {
            "name": "Cube",
            "from": [ 5.0, 8.0, 5.0 ], 
            "to": [ 11.0, 9.0, 11.0 ], 
            "faces": {
                "north": { "texture": "#1", "uv": [ 0.0, 5.0, 16.0, 11.0 ] },
                "east": { "texture": "#1", "uv": [ 0.0, 0.0, 4.0, 5.0 ] },
                "south": { "texture": "#1", "uv": [ 0.0, 5.0, 16.0, 11.0 ] },
                "west": { "texture": "#1", "uv": [ 0.0, 0.0, 4.0, 5.0 ] },
                "up": { "texture": "#1", "uv": [ 0.0, 0.0, 16.0, 16.0 ] },
                "down": { "texture": "#1", "uv": [ 0.0, 0.0, 16.0, 16.0 ] }
            }
        },
        {
            "name": "Cube",
            "from": [ 11.0, 3.0, 5.0 ], 
            "to": [ 11.5, 3.5, 5.5 ], 
            "faces": {
                "north": { "texture": "#3", "uv": [ 0.0, 0.0, 0.5, 0.5 ] },
                "east": { "texture": "#3", "uv": [ 0.0, 0.0, 0.5, 0.5 ] },
                "south": { "texture": "#3", "uv": [ 0.0, 0.0, 0.5, 0.5 ] },
                "west": { "texture": "#3", "uv": [ 0.0, 0.0, 0.5, 0.5 ] },
                "up": { "texture": "#3", "uv": [ 0.0, 0.0, 0.5, 0.5 ] },
                "down": { "texture": "#3", "uv": [ 0.0, 0.0, 0.5, 0.5 ] }
            }
        },
        {
            "name": "Cube",
            "from": [ 8.0, 5.0, 5.0 ], 
            "to": [ 8.5, 5.5, 5.5 ], 
            "faces": {
                "north": { "texture": "#3", "uv": [ 0.0, 0.0, 0.5, 0.5 ] },
                "east": { "texture": "#3", "uv": [ 0.0, 0.0, 0.5, 0.5 ] },
                "south": { "texture": "#3", "uv": [ 0.0, 0.0, 0.5, 0.5 ] },
                "west": { "texture": "#3", "uv": [ 0.0, 0.0, 0.5, 0.5 ] },
                "up": { "texture": "#3", "uv": [ 0.0, 0.0, 0.5, 0.5 ] },
                "down": { "texture": "#3", "uv": [ 0.0, 0.0, 0.5, 0.5 ] }
            }
        },
        {
            "name": "Cube",
            "from": [ 5.0, 4.0, 8.0 ], 
            "to": [ 5.5, 4.5, 8.5 ], 
            "faces": {
                "north": { "texture": "#3", "uv": [ 0.0, 0.0, 0.5, 0.5 ] },
                "east": { "texture": "#3", "uv": [ 0.0, 0.0, 0.5, 0.5 ] },
                "south": { "texture": "#3", "uv": [ 0.0, 0.0, 0.5, 0.5 ] },
                "west": { "texture": "#3", "uv": [ 0.0, 0.0, 0.5, 0.5 ] },
                "up": { "texture": "#3", "uv": [ 0.0, 0.0, 0.5, 0.5 ] },
                "down": { "texture": "#3", "uv": [ 0.0, 0.0, 0.5, 0.5 ] }
            }
        }
    ]
}